"id","name","domain","ip","owner_email","created_at","rating","owner_id"
"0","Jerde - Christiansen","https://damon.name","103.81.223.204","Naomi.Feeney57@yahoo.com","2021-04-05T20:44:52.492Z","5","22"
"1","Harber\, Barrows and Gulgowski","https://dillan.biz","221.10.117.178","Samantha.Hilpert@yahoo.com","2021-07-07T18:22:56.361Z","4","92"
"2","Sawayn LLC","https://merritt.net","161.159.51.244","Laney.Leannon@hotmail.com","2021-10-15T22:39:39.974Z","4","116"
"3","Mueller - Hagenes","https://riley.net","4.82.238.130","Mercedes_Welch@gmail.com","2021-10-10T19:47:37.757Z","2","74"
"4","Rodriguez and Sons","https://abigale.name","9.40.39.120","Maximo81@hotmail.com","2021-08-18T08:07:57.158Z","4","124"
"5","Lubowitz Inc","https://jamaal.name","99.39.11.187","Curtis.Kuhn@yahoo.com","2020-12-20T18:17:29.824Z","4","77"
"6","Cassin\, Spinka and Kulas","https://ewell.net","169.94.185.50","Berry54@gmail.com","2021-02-27T06:04:34.222Z","1","81"
"7","Koch\, D'Amore and Predovic","https://antone.info","133.253.212.191","Lisette79@gmail.com","2020-12-12T17:04:02.809Z","3","103"
"8","Nolan Inc","https://emma.net","18.174.176.150","Abel28@hotmail.com","2021-08-14T07:03:32.558Z","1","122"
"9","Rosenbaum Inc","https://camden.name","152.87.84.181","Coleman41@gmail.com","2021-10-04T09:34:55.906Z","1","82"
"10","Smith Inc","https://neoma.net","236.196.43.127","Ewald59@hotmail.com","2021-01-15T19:50:45.334Z","2","79"
"11","McGlynn Group","https://abbigail.info","31.67.122.219","Shanna_Jacobs@yahoo.com","2021-05-02T06:51:59.234Z","5","105"
"12","Block\, Schuster and Dickinson","https://dora.org","80.181.229.224","Rodger_Hauck73@yahoo.com","2021-07-17T08:48:58.609Z","4","112"
"13","Cole\, Yundt and Stamm","https://nicola.org","110.122.0.52","Vince_Bashirian@yahoo.com","2021-10-02T11:37:55.747Z","3","95"
"14","Botsford and Sons","https://rigoberto.info","20.56.177.131","Dianna.Pollich@yahoo.com","2021-02-10T22:26:31.680Z","2","126"
"15","Hilpert and Sons","https://lola.info","242.86.46.132","Isabel_Donnelly@yahoo.com","2021-03-22T07:11:11.321Z","2","123"
"16","Stehr LLC","https://rosalinda.com","18.212.192.225","Bernice33@yahoo.com","2021-09-26T17:37:00.163Z","1","50"
"17","Doyle Group","https://pearline.org","217.99.68.181","Dock92@gmail.com","2021-06-12T16:38:23.675Z","1","115"
"18","Bergnaum and Sons","https://eva.com","8.196.220.24","Alanna_Schinner31@hotmail.com","2021-01-03T16:25:44.240Z","2","57"
"19","Cormier - Kreiger","https://paula.biz","77.123.203.198","Reta.Schuppe51@yahoo.com","2021-08-05T18:18:00.029Z","1","22"
"20","Wiza\, Mante and Kshlerin","https://isobel.org","15.160.28.115","Luciano.Vandervort@yahoo.com","2021-10-31T23:14:14.431Z","4","30"
"21","Murphy\, Bruen and Johnston","https://clemens.info","140.21.130.203","Kaia86@gmail.com","2021-03-17T00:26:40.088Z","5","60"
"22","Bashirian - Schaden","https://jarod.biz","243.231.100.122","Quinten_Barrows@hotmail.com","2020-11-19T17:21:52.691Z","3","67"
"23","Rowe - Bashirian","https://diego.name","5.126.249.84","Lorenzo42@gmail.com","2021-05-16T08:54:12.695Z","1","100"
"24","Stanton\, Orn and Reichert","https://jazmyne.info","3.217.97.3","Sadie.Gleichner9@gmail.com","2021-04-20T23:51:38.680Z","2","47"
"25","Stamm - Kuvalis","https://fletcher.biz","184.194.193.164","Lynn.Nienow@yahoo.com","2021-09-01T08:25:22.765Z","3","35"
"26","Roberts - Harber","https://felix.info","23.174.200.155","Arvel2@gmail.com","2021-01-18T19:05:59.712Z","2","17"
"27","Abernathy Group","https://gwendolyn.name","60.141.107.42","Eladio_Bernier24@hotmail.com","2020-12-01T12:26:17.756Z","4","45"
"28","Ullrich LLC","https://gerda.name","222.190.231.18","Leslie10@hotmail.com","2021-01-12T11:24:56.213Z","5","102"
"29","Price\, Romaguera and Kutch","https://darrell.biz","17.93.115.114","Pietro.Okuneva@gmail.com","2021-08-02T11:43:33.969Z","2","20"
"30","Auer\, Anderson and Powlowski","https://donato.com","251.239.82.88","Creola72@hotmail.com","2021-01-10T15:29:23.268Z","2","119"
"31","Gutmann - Weber","https://immanuel.net","239.188.219.200","Annamae_Jacobs@yahoo.com","2021-06-25T14:18:13.629Z","3","69"
"32","Weimann Group","https://tamara.info","6.246.201.150","Dereck.Nikolaus14@hotmail.com","2021-10-28T23:05:10.228Z","2","103"
"33","Walter LLC","https://gina.org","193.209.65.232","Noemi_Reinger19@yahoo.com","2021-08-18T00:51:51.903Z","3","107"
"34","Rodriguez Group","https://tyrell.biz","180.74.216.56","Dejon.Will@gmail.com","2020-12-09T19:02:58.290Z","3","126"
"35","Fritsch Group","https://marta.com","128.91.27.35","Aidan_Becker20@hotmail.com","2021-11-18T23:44:04.650Z","2","12"
"36","Cormier\, Franecki and Padberg","https://burdette.info","70.23.183.41","Marilyne.Bednar76@hotmail.com","2020-12-18T19:02:33.101Z","4","90"
"37","Kling\, Reynolds and Fadel","https://raleigh.biz","54.236.99.153","Brittany.Blanda@gmail.com","2021-09-22T22:55:16.130Z","1","31"
"38","Leannon - Ledner","https://ozella.biz","130.112.71.130","Newton52@yahoo.com","2021-09-19T06:35:38.486Z","4","90"
"39","Harvey Inc","https://isabel.net","201.192.240.93","Alford_Weissnat@hotmail.com","2021-09-03T02:54:52.135Z","1","40"
"40","Leuschke - Reichel","https://jany.info","230.66.194.245","Winnifred38@gmail.com","2021-01-27T15:50:24.426Z","5","35"
"41","Hane\, Willms and Dickinson","https://tevin.net","169.183.152.54","Chaya.Fay98@gmail.com","2020-11-22T22:11:50.227Z","4","101"
"42","Quitzon\, Kessler and Herman","https://etha.org","112.6.96.79","Vern_Swaniawski@hotmail.com","2021-03-27T23:35:02.076Z","4","53"
"43","Yundt - MacGyver","https://cheyanne.info","82.222.127.236","Brandt.Bednar@hotmail.com","2021-10-21T02:12:45.206Z","3","125"
"44","Lehner\, Herzog and Prosacco","https://verner.name","191.182.249.56","Dayana.Schroeder@yahoo.com","2020-12-26T16:17:30.875Z","2","60"
"45","Effertz Inc","https://lemuel.info","179.133.113.185","Bill_Heller@hotmail.com","2021-06-25T08:51:52.191Z","3","45"
"46","Bednar\, Jones and D'Amore","https://wilmer.biz","80.226.182.102","Chad.Medhurst@gmail.com","2021-08-12T20:56:14.562Z","2","117"
"47","Denesik\, Bechtelar and Upton","https://stella.name","231.252.240.170","Gage.Ernser@yahoo.com","2021-09-17T19:10:00.864Z","5","47"
"48","Bahringer Group","https://cierra.biz","163.70.119.7","Devan19@yahoo.com","2021-08-17T02:03:07.731Z","2","72"
"49","Smith\, Hoeger and Buckridge","https://alverta.name","178.104.55.101","Joe.Fahey62@yahoo.com","2021-06-13T04:29:08.652Z","5","92"
"50","Schmitt\, Dooley and Harris","https://corene.com","73.134.187.117","Luella40@hotmail.com","2021-01-15T10:25:05.889Z","3","122"
"51","Hintz - Kovacek","https://william.org","15.6.249.11","Carissa_Abernathy@gmail.com","2021-09-15T01:24:39.377Z","5","89"
"52","Corwin and Sons","https://darby.net","212.219.99.48","Shyann_Larson@gmail.com","2020-12-16T19:23:46.547Z","1","47"
"53","Torp\, Runolfsdottir and Vandervort","https://annie.com","4.157.152.17","Aditya80@yahoo.com","2021-08-31T04:20:40.491Z","1","83"
"54","Prosacco Inc","https://ignacio.info","16.218.0.230","Leopold88@gmail.com","2021-11-12T16:47:29.703Z","4","113"
"55","Douglas\, Steuber and Paucek","https://taya.name","213.208.233.232","Tyrique.Haley76@yahoo.com","2020-12-13T12:50:56.304Z","2","125"
"56","Runolfsson\, Brown and DuBuque","https://asha.name","70.175.216.116","Alene.OKeefe@gmail.com","2021-03-22T16:35:26.178Z","5","109"
"57","Cremin and Sons","https://estel.biz","16.221.253.73","Eusebio45@yahoo.com","2021-01-21T05:59:40.425Z","5","97"
"58","Bruen and Sons","https://tianna.com","72.31.106.245","Tom_Renner@hotmail.com","2021-01-24T15:25:21.193Z","3","12"
"59","Pagac - Emard","https://liliana.org","47.110.165.187","Berta.Conroy@yahoo.com","2021-06-12T11:45:53.881Z","3","55"
"60","Schulist\, Bruen and Bartoletti","https://shayna.com","232.220.93.178","Minerva9@hotmail.com","2021-01-31T04:46:02.866Z","2","82"
"61","Breitenberg\, McDermott and Koch","https://athena.org","84.6.212.248","Kurtis69@gmail.com","2021-02-18T02:15:25.101Z","5","41"
"62","Rodriguez Group","https://hershel.info","78.189.155.114","Ofelia_Wyman45@hotmail.com","2021-06-12T09:14:10.585Z","4","59"
"63","Dach - Toy","https://lewis.biz","161.133.245.175","Lura_Kuvalis@yahoo.com","2021-01-23T08:04:04.873Z","2","105"
"64","Wiza LLC","https://geraldine.net","69.84.82.40","Lawson87@yahoo.com","2021-01-19T07:14:11.716Z","4","71"
"65","Kessler\, Nicolas and Hagenes","https://lorenzo.biz","238.1.21.229","Aniya.Swaniawski85@yahoo.com","2021-11-16T14:22:12.897Z","5","88"
"66","Bauch\, Stark and Oberbrunner","https://dorris.biz","26.235.57.197","Davon_Gibson91@hotmail.com","2021-05-09T23:12:09.631Z","1","36"
"67","Bogan\, Jaskolski and Fay","https://tristian.com","155.65.91.56","Alexandrine5@hotmail.com","2021-10-27T01:46:47.958Z","5","64"
"68","Konopelski Inc","https://rebecca.info","46.222.204.249","Mitchel.Corkery@yahoo.com","2021-04-20T00:20:21.004Z","2","59"
"69","Windler Inc","https://perry.biz","126.138.107.2","Katrine78@yahoo.com","2021-08-28T22:53:11.532Z","5","38"
"70","Hermann - Bernier","https://rebeka.biz","253.5.182.51","Lizeth_Waelchi@yahoo.com","2021-01-19T15:37:41.430Z","5","70"
"71","Champlin - Strosin","https://natalia.com","65.239.149.225","Alvena.McDermott5@yahoo.com","2021-06-05T21:53:04.419Z","3","118"
"72","Cronin and Sons","https://kayla.com","38.107.41.13","Roosevelt63@yahoo.com","2021-10-18T04:10:13.237Z","1","52"
"73","Schneider - Becker","https://anastasia.com","71.35.98.28","Creola25@hotmail.com","2021-09-19T04:43:17.934Z","4","60"
"74","Haag and Sons","https://erna.info","208.167.136.181","Pete_Abbott31@gmail.com","2021-08-16T21:17:42.773Z","4","38"
"75","Parker\, Mraz and Mertz","https://kamren.info","106.150.163.172","Allie.Crona@hotmail.com","2021-06-13T14:28:58.680Z","1","26"
"76","Tremblay - Nicolas","https://karson.net","238.190.200.31","Melba39@yahoo.com","2021-01-16T23:52:16.277Z","3","123"
"77","Turcotte Inc","https://linnea.name","175.65.99.166","Rhoda_Goyette57@hotmail.com","2021-08-12T06:30:47.064Z","3","102"
"78","Kuvalis - Bartoletti","https://anjali.net","59.27.245.65","Ettie_Predovic30@gmail.com","2021-05-23T17:17:12.226Z","1","53"
"79","Grant\, Reilly and Morar","https://rowena.info","163.32.249.182","Romaine69@yahoo.com","2021-08-16T04:29:34.601Z","1","47"
"80","Stehr Inc","https://fatima.com","113.38.234.44","Dannie.Klein57@yahoo.com","2021-07-29T19:51:48.961Z","4","55"
"81","Crist - Schowalter","https://ashleigh.net","36.101.92.10","Maci_Bosco@hotmail.com","2021-01-23T13:36:50.577Z","5","123"
"82","Emard\, Block and Ortiz","https://meggie.info","136.85.22.120","Joseph62@yahoo.com","2020-12-01T14:35:23.914Z","2","20"
"83","Parker - Sauer","https://bulah.biz","135.153.133.88","Arnold_Jones61@yahoo.com","2021-06-30T14:38:08.448Z","4","69"
"84","Stoltenberg\, Glover and Lowe","https://dax.net","29.108.214.220","Gage_Morissette1@yahoo.com","2021-11-05T08:23:00.996Z","2","100"
"85","Schaden\, Auer and Johns","https://carolyne.com","198.95.50.83","Kasandra_McLaughlin@hotmail.com","2021-09-05T11:11:33.766Z","4","102"
"86","Botsford - Lueilwitz","https://magali.net","70.162.229.122","Raina62@hotmail.com","2021-07-06T01:13:56.444Z","5","22"
"87","Koelpin\, Bergstrom and Skiles","https://adonis.name","92.32.106.42","Michelle_Hirthe@gmail.com","2021-08-20T23:15:03.007Z","4","32"
"88","Cormier - Rempel","https://bryce.com","169.232.122.204","Kieran.Stracke@gmail.com","2021-05-02T08:36:03.861Z","2","57"
"89","Cremin - Stehr","https://alta.net","228.195.203.53","Olin_Collins43@hotmail.com","2021-09-16T10:56:56.585Z","3","100"
"90","Welch LLC","https://myah.com","70.182.234.109","Justina.Hessel@yahoo.com","2021-01-14T22:58:54.893Z","4","114"
"91","Adams - Wilkinson","https://salvador.org","92.45.47.67","Gaston69@yahoo.com","2021-03-12T22:51:06.069Z","5","87"
"92","Hammes\, Feeney and Casper","https://sheldon.info","248.196.119.144","Harvey_Powlowski@hotmail.com","2021-03-02T18:29:02.245Z","2","46"
"93","Schinner - Macejkovic","https://fatima.info","206.107.192.37","Julianne_Reichel23@hotmail.com","2021-06-24T07:46:25.570Z","1","34"
"94","Graham\, Kiehn and Adams","https://keeley.com","86.80.147.39","Dayana.Weissnat@hotmail.com","2021-10-30T04:34:00.430Z","1","21"
"95","Streich - Miller","https://lonzo.biz","132.81.132.185","Lenny_Moen@hotmail.com","2021-05-11T18:23:57.492Z","4","34"
"96","Dooley - Rice","https://bradley.com","246.11.137.90","Minnie49@hotmail.com","2021-03-31T04:45:32.487Z","5","8"
"97","Luettgen Inc","https://mittie.name","9.161.142.245","Declan18@hotmail.com","2021-06-24T03:35:05.073Z","2","69"
"98","Bahringer\, Lemke and Powlowski","https://annabelle.net","173.12.214.226","Charlene55@yahoo.com","2021-04-10T22:13:51.074Z","5","75"
"99","Graham - Jerde","https://nedra.name","122.49.164.160","Barry12@yahoo.com","2021-08-15T04:46:02.016Z","1","97"
"100","Kub - Kessler","https://cade.biz","237.163.152.168","Tomas.Kassulke71@yahoo.com","2021-05-28T16:22:13.699Z","5","81"
"101","Labadie Inc","https://adeline.name","32.158.66.83","Modesta1@yahoo.com","2021-08-09T14:25:56.581Z","5","63"
"102","Hamill - Connelly","https://shanon.biz","197.43.166.71","Camila.MacGyver21@hotmail.com","2021-02-01T19:23:22.203Z","4","48"
"103","Schamberger\, Kulas and Ryan","https://florian.name","162.146.102.244","Clara72@gmail.com","2021-06-25T13:22:21.736Z","2","26"
"104","Kuhic\, Lind and Willms","https://toni.org","36.4.47.161","Rodrick.Bechtelar@hotmail.com","2021-06-26T13:57:22.829Z","5","19"
"105","Franecki - Lang","https://hershel.net","110.27.236.184","Devan_Witting@gmail.com","2021-10-18T03:22:12.088Z","5","119"
"106","Crona - Kohler","https://itzel.net","142.42.190.187","Daphney_Stroman42@gmail.com","2021-05-14T23:06:13.745Z","4","2"
"107","Jerde - Lesch","https://alysson.name","89.150.156.110","Chelsea_Rath@yahoo.com","2020-12-27T11:27:51.440Z","3","88"
"108","Ryan - Hoppe","https://liam.net","103.95.232.16","Bria16@yahoo.com","2021-02-12T09:13:45.955Z","1","28"
"109","Stroman and Sons","https://zachariah.biz","7.171.213.160","Albert.Hintz39@hotmail.com","2021-05-04T23:32:23.866Z","2","98"
"110","Harvey - Bruen","https://laurianne.biz","35.93.244.127","August.Von@yahoo.com","2021-01-11T10:36:12.204Z","5","126"
"111","Kemmer - Schroeder","https://addison.com","86.54.159.156","Madie40@yahoo.com","2021-04-29T17:12:36.795Z","2","89"
"112","Steuber Inc","https://rosanna.com","93.78.55.41","Lewis_Emard@hotmail.com","2021-07-03T12:03:39.559Z","4","61"
"113","Krajcik\, Armstrong and Mraz","https://chris.name","21.158.207.60","Lucas.Robel@gmail.com","2021-03-28T13:30:25.519Z","1","103"
"114","Davis\, Nolan and Larson","https://bertrand.net","17.32.190.8","Bessie_Kuhn28@yahoo.com","2021-03-24T22:12:46.266Z","1","25"
"115","Lang\, Langosh and Hermiston","https://zella.name","197.69.127.129","Neoma.Mills31@hotmail.com","2021-07-11T10:01:55.778Z","4","44"
"116","Blanda\, Pollich and Tromp","https://cade.com","201.198.146.39","Asha50@gmail.com","2021-05-10T14:57:20.288Z","3","45"
"117","Harris and Sons","https://ara.org","135.150.126.102","Nikko44@gmail.com","2021-09-24T14:20:48.536Z","3","63"
"118","MacGyver - Jenkins","https://evan.biz","207.210.150.137","Sigrid.Langosh@gmail.com","2021-02-14T17:31:07.566Z","4","56"
"119","Effertz - Boyer","https://ashly.org","5.142.117.215","Jayde_Gorczany39@yahoo.com","2021-04-01T08:37:18.071Z","1","62"
"120","Okuneva LLC","https://mina.biz","245.12.39.210","Loraine84@gmail.com","2021-09-30T18:41:03.136Z","1","45"
"121","Nienow Inc","https://lura.biz","1.189.213.203","Edmund92@yahoo.com","2021-03-09T04:55:43.137Z","4","15"
"122","Ondricka and Sons","https://selena.org","189.210.223.107","Magdalen.Greenholt@gmail.com","2020-12-04T02:08:13.222Z","4","95"
"123","Gulgowski - Okuneva","https://norval.org","193.208.180.12","Jamal_Okuneva66@gmail.com","2020-12-07T22:37:16.800Z","1","48"
"124","Sauer - Spinka","https://candice.name","112.50.176.84","Emilie34@yahoo.com","2021-03-09T00:00:04.903Z","5","84"
"125","Ryan\, Wiegand and Champlin","https://adolf.com","73.244.232.208","Chandler33@hotmail.com","2021-10-06T20:46:31.558Z","2","8"
"126","Boehm\, Jacobs and Toy","https://minnie.info","50.12.106.105","Roscoe.Greenfelder@gmail.com","2021-03-20T02:27:41.559Z","3","102"
"127","Kub\, McLaughlin and Sauer","https://jalen.biz","145.101.224.149","Federico.Wiza@hotmail.com","2021-03-24T09:31:48.909Z","1","99"
"128","Hayes\, Bosco and Muller","https://adelbert.name","45.227.25.186","Celestine_Feest67@yahoo.com","2021-01-21T22:49:37.710Z","5","112"
"129","Mayert - O'Kon","https://tristian.org","204.223.154.52","Clara80@gmail.com","2021-05-23T06:03:47.868Z","3","111"
"130","Hagenes and Sons","https://deven.info","180.182.157.95","Howard1@hotmail.com","2021-08-01T04:51:47.313Z","4","59"
"131","Bayer\, Parker and Nienow","https://elaina.com","63.236.221.132","Judy_Murazik71@yahoo.com","2021-09-25T09:27:46.105Z","2","71"
"132","VonRueden\, O'Kon and Willms","https://tina.info","235.230.18.151","Rolando39@gmail.com","2021-07-27T15:03:07.839Z","3","73"
"133","Torp LLC","https://allan.biz","171.21.81.40","Noemie.Bode@gmail.com","2021-08-31T11:04:05.876Z","1","15"
"134","Dach\, Nader and Schneider","https://rosario.info","182.131.155.72","Katelin_Rutherford67@yahoo.com","2020-12-16T22:13:48.982Z","4","29"
"135","Reichert - O'Kon","https://kiana.info","33.160.172.1","Jewel11@hotmail.com","2021-06-17T18:41:36.851Z","2","74"
"136","Trantow and Sons","https://christ.net","55.88.152.46","Lorenza93@gmail.com","2021-10-31T15:44:08.938Z","1","25"
"137","Lynch - Feest","https://kimberly.biz","66.146.234.211","Deon87@yahoo.com","2021-03-08T03:44:11.150Z","1","125"
"138","Frami\, Treutel and Rohan","https://lue.org","242.190.217.171","Sheridan79@yahoo.com","2021-09-16T04:45:24.036Z","4","53"
"139","Stracke\, Rippin and Aufderhar","https://dino.info","60.124.11.101","Tamia44@yahoo.com","2021-08-29T16:22:00.075Z","1","29"
"140","Emmerich Group","https://everardo.info","50.170.108.7","Kendall.Feil3@hotmail.com","2021-10-02T11:41:50.532Z","3","22"
"141","Rau\, Corwin and Kutch","https://elena.org","78.33.82.145","Stevie.Kiehn18@hotmail.com","2021-11-19T04:09:32.142Z","1","91"
"142","Muller and Sons","https://clovis.name","37.205.140.108","Rogelio_Vandervort@hotmail.com","2021-08-26T03:29:31.504Z","3","100"
"143","Schmeler - Braun","https://olen.net","210.126.206.223","Julianne_Schultz@gmail.com","2020-12-30T10:41:41.596Z","3","43"
"144","Parker LLC","https://kyle.net","250.157.206.95","Gunnar8@hotmail.com","2021-09-28T03:08:15.290Z","1","4"
"145","Koch\, Pollich and Jenkins","https://jerald.biz","214.40.95.90","Vella65@hotmail.com","2021-05-09T20:52:27.852Z","1","9"
"146","Hayes LLC","https://ferne.com","239.77.50.85","Randy_Streich54@gmail.com","2021-02-22T09:37:27.036Z","5","124"
"147","Simonis Group","https://cecile.org","156.62.237.175","Rebekah_Cremin@yahoo.com","2021-06-03T05:05:10.896Z","1","63"
"148","Sauer Inc","https://dale.net","119.215.40.171","Alejandra.Denesik68@hotmail.com","2021-03-13T16:15:26.327Z","5","16"
"149","Waters - Fisher","https://foster.net","187.16.48.106","Rozella13@hotmail.com","2020-11-21T12:04:35.529Z","5","59"
"150","Zboncak - Block","https://anjali.info","213.122.133.87","Marilou74@gmail.com","2020-12-19T12:41:34.515Z","1","16"
"151","Grady - Hoppe","https://gertrude.net","249.46.70.116","Immanuel_Koss90@gmail.com","2021-05-06T10:09:58.506Z","4","78"
"152","Fahey - Schoen","https://clarabelle.name","247.78.16.155","Ariane6@hotmail.com","2021-07-10T10:30:46.674Z","3","19"
"153","Stokes - Parisian","https://albert.info","236.1.36.205","Kayli29@hotmail.com","2021-04-20T09:53:21.389Z","5","103"
"154","Parker Inc","https://elbert.net","86.9.9.242","Bertram_Dietrich@gmail.com","2021-09-21T01:29:48.745Z","1","64"
"155","Fay - Lowe","https://jeanne.com","119.218.57.189","Terrill48@yahoo.com","2021-03-25T19:04:22.547Z","3","62"
"156","Koepp\, Witting and Schultz","https://leatha.name","19.183.195.197","Branson_Paucek95@hotmail.com","2020-12-06T11:42:42.206Z","1","94"
"157","Predovic - O'Reilly","https://destinee.info","178.1.249.63","Savion_Keeling21@hotmail.com","2021-07-29T14:52:06.257Z","4","48"
"158","Walker - Balistreri","https://ansel.info","140.99.169.78","Gust_Jerde@yahoo.com","2021-01-13T19:26:37.073Z","5","37"
"159","Gleason\, Barton and Jakubowski","https://lesley.biz","103.119.20.74","Marlon90@hotmail.com","2021-05-24T14:41:03.395Z","4","68"
"160","Grant\, Kessler and Kunze","https://loraine.name","123.0.169.53","Raina.Harber93@yahoo.com","2020-12-13T15:10:41.053Z","2","35"
"161","Wolff - Halvorson","https://bridgette.name","76.217.123.252","Moshe98@hotmail.com","2021-10-10T03:48:05.280Z","1","97"
"162","Barrows - Nader","https://darien.org","110.210.242.69","Quincy.Stehr57@gmail.com","2021-02-19T03:14:13.987Z","4","59"
"163","Lesch - Cronin","https://madge.com","239.254.63.243","Garret62@yahoo.com","2021-08-08T05:44:51.097Z","5","29"
"164","Labadie LLC","https://anabel.org","153.136.249.201","Sydnee.Bednar7@hotmail.com","2021-10-22T18:50:19.553Z","5","83"
"165","O'Keefe Group","https://jordon.info","237.7.164.31","Devan.Schumm@hotmail.com","2021-10-31T03:12:00.908Z","3","93"
"166","Wunsch Group","https://horace.com","56.140.13.68","Haleigh.Gislason96@yahoo.com","2021-08-23T09:14:37.515Z","1","6"
"167","Lehner and Sons","https://nelda.biz","238.227.106.140","Judson.Goodwin@yahoo.com","2021-06-12T11:14:59.685Z","1","21"
"168","Cruickshank\, Bernhard and Toy","https://amos.biz","176.157.82.131","Chester18@gmail.com","2021-11-18T23:16:24.626Z","3","9"
"169","Purdy - Reilly","https://kenton.name","101.118.3.58","Alphonso76@yahoo.com","2020-12-17T17:30:45.780Z","4","22"
"170","Doyle\, Turcotte and Blick","https://harrison.info","164.59.119.1","Emie.Leannon50@yahoo.com","2021-10-16T06:22:20.008Z","2","108"
"171","Fadel\, Fay and Kuhlman","https://etha.biz","138.87.242.23","Breana_Hagenes68@gmail.com","2021-04-04T07:43:03.666Z","1","37"
"172","Kuvalis - Hermiston","https://jean.name","208.202.120.19","Dino35@yahoo.com","2021-07-23T17:05:28.164Z","3","43"
"173","Schoen - Fay","https://fabian.com","44.190.181.137","Louvenia_Lindgren@gmail.com","2021-09-26T19:11:34.637Z","4","52"
"174","Aufderhar LLC","https://herbert.biz","79.182.40.39","Angelica_Morar@yahoo.com","2021-11-11T05:01:54.035Z","4","75"
"175","Stamm and Sons","https://reyna.name","234.78.33.225","Lottie_Feest9@yahoo.com","2021-10-15T06:42:01.521Z","3","39"
"176","Luettgen Inc","https://carmel.biz","127.6.38.193","Marcia13@yahoo.com","2021-10-23T21:17:56.018Z","3","4"
"177","Hagenes LLC","https://beaulah.org","185.174.25.58","Malika_Barton52@hotmail.com","2021-09-25T12:23:19.674Z","3","121"
"178","Oberbrunner Inc","https://marlee.net","172.246.16.249","Orlando_Dach34@yahoo.com","2021-01-23T15:37:58.229Z","1","24"
"179","Huel LLC","https://lilliana.org","104.128.172.94","Emelie.Wisozk74@gmail.com","2021-09-25T00:50:53.708Z","1","57"
"180","Streich LLC","https://maxime.biz","172.232.49.137","Chauncey31@hotmail.com","2021-11-15T22:57:42.791Z","3","81"
"181","Collier\, Orn and Kuhic","https://edna.net","84.29.239.214","Samir.Marquardt69@yahoo.com","2021-03-08T22:00:59.500Z","5","32"
"182","Lynch - Schowalter","https://wilfrid.biz","9.215.140.146","Rahsaan_Crooks@hotmail.com","2021-07-30T11:27:40.354Z","2","39"
"183","Paucek Group","https://lorena.name","115.37.255.46","Edmond_Mayer@hotmail.com","2021-10-04T13:21:35.707Z","1","43"
"184","Marks\, Murray and Stanton","https://magnolia.org","37.253.167.126","Ocie.Barton@gmail.com","2021-10-30T10:13:35.216Z","2","15"
"185","Schamberger Inc","https://enos.com","117.182.112.35","Warren.Shanahan95@gmail.com","2021-09-10T21:51:27.272Z","3","70"
"186","Murphy\, Rodriguez and Goyette","https://diamond.biz","207.201.193.42","Doyle_Connelly@yahoo.com","2021-07-16T06:21:53.854Z","3","17"
"187","Langosh and Sons","https://davon.info","42.28.137.208","Margarett61@hotmail.com","2021-04-15T08:31:03.571Z","5","119"
"188","Gaylord\, Weber and Bins","https://nannie.biz","196.136.99.59","Sheila.Sauer@yahoo.com","2021-06-30T18:08:22.621Z","4","84"
"189","Swift LLC","https://sophie.net","104.67.15.72","Philip72@yahoo.com","2021-08-15T10:26:24.882Z","1","58"
"190","Kilback - Schoen","https://carmine.net","99.220.52.38","Ally_Fahey87@yahoo.com","2021-04-28T01:47:54.111Z","2","16"